Group,Team,Elo,MP,W,D,L,GF,GA,GD,Pts,Pos
A,Czech Republic,1787.2740190447907,3,2,1,0,5,2,3,7,1
A,South Korea,1855.532907266417,3,2,0,1,6,3,3,6,2
A,Mexico,1913.878808607462,3,0,2,1,5,7,-2,2,3
A,South Africa,1640.5817018583311,3,0,1,2,1,5,-4,1,4
B,Canada,1880.4625047838035,3,3,0,0,10,1,9,9,1
B,Switzerland,1932.1670548830148,3,2,0,1,7,5,2,6,2
B,Bosnia and Herzegovina,1642.065523193126,3,1,0,2,5,8,-3,3,3
B,Qatar,1544.9896123525398,3,0,0,3,3,11,-8,0,4
C,Morocco,1964.4603287215464,3,2,1,0,6,2,4,7,1
C,Brazil,2063.820765802,3,2,0,1,4,3,1,6,2
C,Scotland,1781.3696042874012,3,1,0,2,7,7,0,3,3
C,Haiti,1674.4703298533234,3,0,1,2,5,10,-5,1,4
D,Turkey,1917.2906176618333,3,3,0,0,8,2,6,9,1
D,Paraguay,1880.17431713956,3,1,1,1,4,3,1,4,2
D,United States,1804.7372769178137,3,1,1,1,2,3,-1,4,3
D,Australia,1881.0432604342843,3,0,0,3,0,6,-6,0,4
E,Ivory Coast,1795.6278629295728,3,2,1,0,4,2,2,7,1
E,Ecuador,1987.8637603335392,3,1,2,0,3,2,1,5,2
E,Germany,1982.3223094955868,3,1,0,2,2,3,-1,3,3
E,Curaçao,1570.872099206949,3,0,1,2,1,3,-2,1,4
F,Japan,1983.0472259140115,3,2,1,0,6,3,3,7,1
F,Netherlands,2008.2540640476009,3,1,2,0,5,4,1,5,2
F,Tunisia,1768.0777790103623,3,0,2,1,3,4,-1,2,3
F,Sweden,1788.1156602554604,3,0,1,2,0,3,-3,1,4
G,Belgium,1948.0805850595905,3,2,1,0,5,0,5,7,1
G,Egypt,1782.9340791553047,3,1,1,1,2,2,0,4,2
G,Iran,1875.9630911324527,3,1,1,1,4,7,-3,4,3
G,New Zealand,1714.5392684722349,3,0,1,2,2,4,-2,1,4
H,Spain,2166.1349561176435,3,3,0,0,9,2,7,9,1
H,Cape Verde,1655.2591936728763,3,2,0,1,6,4,2,6,2
H,Saudi Arabia,1663.5735921007422,3,0,1,2,1,5,-4,1,3
H,Uruguay,1953.9954441189595,3,0,1,2,0,5,-5,1,4
I,France,2119.6214104446594,3,2,1,0,6,4,2,7,1
I,Norway,1919.3489558353297,3,1,1,1,5,3,2,4,2
I,Senegal,1919.7234699821524,3,1,1,1,2,2,0,4,3
I,Iraq,1714.6981083093865,3,0,1,2,1,5,-4,1,4
J,Argentina,2163.1375040168023,3,2,0,1,4,2,2,6,1
J,Jordan,1752.1367648847156,3,2,0,1,5,4,1,6,2
J,Austria,1892.8889235615277,3,1,1,1,6,6,0,4,3
J,Algeria,1868.0758719223568,3,0,1,2,3,6,-3,1,4
K,Colombia,2039.1444794131876,3,2,1,0,9,3,6,7,1
K,Uzbekistan,1810.9047537346128,3,1,1,1,5,7,-2,4,2
K,Portugal,2031.077084629932,3,0,3,0,4,4,0,3,3
K,DR Congo,1737.0870240112556,3,0,1,2,4,8,-4,1,4
L,Croatia,1982.329371435088,3,2,1,0,5,3,2,7,1
L,Ghana,1619.540176067505,3,2,0,1,4,2,2,6,2
L,England,2030.1121622812195,3,1,1,1,5,4,1,4,3
L,Panama,1808.7032418019924,3,0,0,3,1,6,-5,0,4
