Match,Round,Team A,Team B,P(Team A advances),P(Team B advances),Winner,Slot A,Slot B,Source A,Source B
73,Round of 32,South Korea,Switzerland,0.39146897894625804,0.608531021053742,South Korea,RA,RB,,
74,Round of 32,Ivory Coast,Scotland,0.5205077721011941,0.47949222789880586,Scotland,WE,3C,,
75,Round of 32,Japan,Brazil,0.3858074962993437,0.6141925037006564,Brazil,WF,RC,,
76,Round of 32,Morocco,Netherlands,0.437307422110619,0.562692577889381,Morocco,WC,RF,,
77,Round of 32,France,United States,0.8596780797164948,0.1403219202835052,France,WI,3D,,
78,Round of 32,Ecuador,Norway,0.5973421614986438,0.40265783850135617,Norway,RE,RI,,
79,Round of 32,Czech Republic,Germany,0.24549446462854302,0.7545055353714569,Germany,WA,3E,,
80,Round of 32,Croatia,Portugal,0.4303031555532871,0.569696844446713,Croatia,WL,3K,,
81,Round of 32,Turkey,Senegal,0.4964989012933143,0.5035010987066857,Senegal,WD,3I,,
82,Round of 32,Belgium,Austria,0.5787657538880685,0.4212342461119315,Austria,WG,3J,,
83,Round of 32,Uzbekistan,Ghana,0.7505566057642667,0.24944339423573325,Uzbekistan,RK,RL,,
84,Round of 32,Spain,Jordan,0.9155345215279961,0.08446547847200392,Spain,WH,RJ,,
85,Round of 32,Canada,Iran,0.5064748147872529,0.49352518521274713,Iran,WB,3G,,
86,Round of 32,Argentina,Cape Verde,0.948999970972533,0.05100002902746703,Argentina,WJ,RH,,
87,Round of 32,Colombia,England,0.5129956216782449,0.48700437832175514,England,WK,3L,,
88,Round of 32,Paraguay,Egypt,0.6363969622159567,0.36360303778404335,Egypt,RD,RG,,
89,Round of 16,Scotland,France,0.12486621186700789,0.8751337881329921,Scotland,,,W74,W77
90,Round of 16,South Korea,Brazil,0.2316529281602813,0.7683470718397187,Brazil,,,W73,W75
91,Round of 16,Morocco,Norway,0.564558103224222,0.43544189677577805,Morocco,,,W76,W78
92,Round of 16,Germany,Croatia,0.49998983705211186,0.5000101629478881,Germany,,,W79,W80
93,Round of 16,Uzbekistan,Spain,0.11457182512083947,0.8854281748791606,Spain,,,W83,W84
94,Round of 16,Senegal,Austria,0.5385414086961816,0.4614585913038184,Austria,,,W81,W82
95,Round of 16,Argentina,Egypt,0.8992235386383787,0.10077646136162133,Argentina,,,W86,W88
96,Round of 16,Iran,England,0.29165629800878706,0.7083437019912129,Iran,,,W85,W87
97,Quarterfinals,Scotland,Brazil,0.16439010419647856,0.8356098958035214,Brazil,,,W89,W90
98,Quarterfinals,Spain,Austria,0.8282009876883817,0.17179901231161832,Spain,,,W93,W94
99,Quarterfinals,Morocco,Germany,0.4743171666286966,0.5256828333713034,Morocco,,,W91,W92
100,Quarterfinals,Argentina,Iran,0.8393107718302375,0.1606892281697625,Argentina,,,W95,W96
101,Semifinals,Brazil,Spain,0.35687171854057176,0.6431282814594282,Spain,,,W97,W98
102,Semifinals,Morocco,Argentina,0.24164576074870456,0.7583542392512954,Argentina,,,W99,W100
104,Final,Spain,Argentina,0.5043135733065589,0.4956864266934411,Argentina,,,W101,W102
