Team,Elo,Champion %,Final %,SF %,QF %,R16 %,Qualified %
Argentina,2163.1375040168023,0.215,0.31333333333333335,0.45166666666666666,0.6,0.705,0.9633333333333334
Spain,2166.1349561176435,0.19333333333333333,0.31666666666666665,0.445,0.5483333333333333,0.7116666666666667,0.9833333333333333
France,2119.6214104446594,0.125,0.22833333333333333,0.36333333333333334,0.53,0.74,0.9333333333333333
Brazil,2063.820765802,0.056666666666666664,0.13,0.23333333333333334,0.40166666666666667,0.615,0.925
Colombia,2039.1444794131876,0.04833333333333333,0.09333333333333334,0.175,0.36,0.5966666666666667,0.87
England,2030.1121622812195,0.04833333333333333,0.08166666666666667,0.19833333333333333,0.345,0.57,0.9216666666666666
Portugal,2031.077084629932,0.043333333333333335,0.08833333333333333,0.18333333333333332,0.33666666666666667,0.6,0.875
Netherlands,2008.2540640476009,0.041666666666666664,0.09833333333333333,0.19166666666666668,0.3416666666666667,0.5333333333333333,0.8983333333333333
Croatia,1982.329371435088,0.03666666666666667,0.06166666666666667,0.13166666666666665,0.2833333333333333,0.5183333333333333,0.8716666666666667
Ecuador,1987.8637603335392,0.03333333333333333,0.09166666666666666,0.18666666666666668,0.3016666666666667,0.5866666666666667,0.9116666666666666
Germany,1982.3223094955868,0.021666666666666667,0.055,0.15333333333333332,0.285,0.565,0.9116666666666666
Morocco,1964.4603287215464,0.021666666666666667,0.051666666666666666,0.11666666666666667,0.23166666666666666,0.42,0.86
Japan,1983.0472259140115,0.018333333333333333,0.04666666666666667,0.11666666666666667,0.2866666666666667,0.4816666666666667,0.84
Uruguay,1953.9954441189595,0.016666666666666666,0.051666666666666666,0.11,0.195,0.37,0.8616666666666667
Switzerland,1932.1670548830148,0.011666666666666667,0.03,0.09833333333333333,0.26166666666666666,0.585,0.9416666666666667
Mexico,1913.878808607462,0.011666666666666667,0.023333333333333334,0.07833333333333334,0.2,0.515,0.8783333333333333
Norway,1919.3489558353297,0.01,0.028333333333333332,0.07166666666666667,0.18666666666666668,0.38,0.725
Belgium,1948.0805850595905,0.008333333333333333,0.035,0.10833333333333334,0.28,0.55,0.8566666666666667
Canada,1880.4625047838035,0.006666666666666667,0.021666666666666667,0.06333333333333334,0.19333333333333333,0.485,0.9183333333333333
Senegal,1919.7234699821524,0.005,0.025,0.07666666666666666,0.195,0.41333333333333333,0.73
Turkey,1917.2906176618333,0.005,0.023333333333333334,0.058333333333333334,0.18666666666666668,0.44166666666666665,0.78
Austria,1892.8889235615277,0.005,0.011666666666666667,0.035,0.09666666666666666,0.235,0.6883333333333334
Iran,1875.9630911324527,0.005,0.016666666666666666,0.05,0.14333333333333334,0.40166666666666667,0.7883333333333333
Algeria,1868.0758719223568,0.0033333333333333335,0.015,0.03333333333333333,0.09666666666666666,0.21833333333333332,0.6566666666666666
Paraguay,1880.17431713956,0.0016666666666666668,0.011666666666666667,0.045,0.14333333333333334,0.36833333333333335,0.7116666666666667
Australia,1881.0432604342843,0.0016666666666666668,0.01,0.03833333333333333,0.14666666666666667,0.335,0.6633333333333333
South Korea,1855.532907266417,0.0016666666666666668,0.008333333333333333,0.045,0.13666666666666666,0.37333333333333335,0.7816666666666666
Panama,1808.7032418019924,0.0016666666666666668,0.0016666666666666668,0.018333333333333333,0.06333333333333334,0.17833333333333334,0.625
Scotland,1781.3696042874012,0.0016666666666666668,0.005,0.02,0.05,0.14166666666666666,0.5083333333333333
Uzbekistan,1810.9047537346128,0.0,0.0033333333333333335,0.013333333333333334,0.06,0.2,0.5483333333333333
Ivory Coast,1795.6278629295728,0.0,0.0033333333333333335,0.013333333333333334,0.06333333333333334,0.245,0.6383333333333333
United States,1804.7372769178137,0.0,0.0033333333333333335,0.016666666666666666,0.07,0.22666666666666666,0.54
Sweden,1788.1156602554604,0.0,0.0016666666666666668,0.008333333333333333,0.04833333333333333,0.16166666666666665,0.5033333333333333
Czech Republic,1787.2740190447907,0.0,0.006666666666666667,0.016666666666666666,0.06833333333333333,0.255,0.635
Egypt,1782.9340791553047,0.0,0.005,0.013333333333333334,0.06833333333333333,0.255,0.6516666666666666
Tunisia,1768.0777790103623,0.0,0.0,0.0,0.023333333333333334,0.12666666666666668,0.45666666666666667
Jordan,1752.1367648847156,0.0,0.0,0.006666666666666667,0.03333333333333333,0.10333333333333333,0.36
DR Congo,1737.0870240112556,0.0,0.0,0.0033333333333333335,0.023333333333333334,0.085,0.365
Iraq,1714.6981083093865,0.0,0.0,0.0016666666666666668,0.02,0.07666666666666666,0.29333333333333333
New Zealand,1714.5392684722349,0.0,0.0016666666666666668,0.005,0.011666666666666667,0.115,0.4
Haiti,1674.4703298533234,0.0,0.0,0.0,0.015,0.07333333333333333,0.35333333333333333
Saudi Arabia,1663.5735921007422,0.0,0.0,0.0033333333333333335,0.015,0.08333333333333333,0.385
Cape Verde,1655.2591936728763,0.0,0.0,0.0,0.01,0.06333333333333334,0.37333333333333335
Bosnia and Herzegovina,1642.065523193126,0.0,0.0,0.0,0.023333333333333334,0.10333333333333333,0.4766666666666667
South Africa,1640.5817018583311,0.0,0.0,0.0016666666666666668,0.01,0.07333333333333333,0.38666666666666666
Ghana,1619.540176067505,0.0,0.0,0.0,0.0033333333333333335,0.03833333333333333,0.25
Curaçao,1570.872099206949,0.0,0.0,0.0,0.0033333333333333335,0.03166666666666667,0.21
Qatar,1544.9896123525398,0.0,0.0,0.0,0.0033333333333333335,0.04833333333333333,0.29333333333333333
