Group,Team,Elo,MP,W,D,L,GF,GA,GD,Pts,Pos,ThirdPlaceRank,ThirdQualified
L,England,2030.1121622812193,3,1,1,1,5,4,1,4,3,1,True
J,Austria,1892.8889235615277,3,1,1,1,6,6,0,4,3,2,True
I,Senegal,1919.7234699821524,3,1,1,1,2,2,0,4,3,3,True
D,United States,1804.7372769178137,3,1,1,1,2,3,-1,4,3,4,True
G,Iran,1875.9630911324527,3,1,1,1,4,7,-3,4,3,5,True
C,Scotland,1781.3696042874012,3,1,0,2,7,7,0,3,3,6,True
K,Portugal,2031.0770846299315,3,0,3,0,4,4,0,3,3,7,True
E,Germany,1982.3223094955868,3,1,0,2,2,3,-1,3,3,8,True
B,Bosnia and Herzegovina,1642.065523193126,3,1,0,2,5,8,-3,3,3,9,False
F,Tunisia,1768.0777790103623,3,0,2,1,3,4,-1,2,3,10,False
A,Mexico,1913.878808607462,3,0,2,1,5,7,-2,2,3,11,False
H,Saudi Arabia,1663.5735921007422,3,0,1,2,1,5,-4,1,3,12,False
