Match,Round,Slot A,Team A,Slot B,Team B
73,Round of 32,RA,South Korea,RB,Switzerland
74,Round of 32,WE,Ivory Coast,3C,Scotland
75,Round of 32,WF,Japan,RC,Brazil
76,Round of 32,WC,Morocco,RF,Netherlands
77,Round of 32,WI,France,3D,United States
78,Round of 32,RE,Ecuador,RI,Norway
79,Round of 32,WA,Czech Republic,3E,Germany
80,Round of 32,WL,Croatia,3K,Portugal
81,Round of 32,WD,Turkey,3I,Senegal
82,Round of 32,WG,Belgium,3J,Austria
83,Round of 32,RK,Uzbekistan,RL,Ghana
84,Round of 32,WH,Spain,RJ,Jordan
85,Round of 32,WB,Canada,3G,Iran
86,Round of 32,WJ,Argentina,RH,Cape Verde
87,Round of 32,WK,Colombia,3L,England
88,Round of 32,RD,Paraguay,RG,Egypt
