Group,Team,Elo,MP,W,D,L,GF,GA,GD,Pts,Pos,ThirdPlaceRank,ThirdQualified,QualificationType
A,Czech Republic,1787.2740190447907,3,2,1,0,5,2,3,7,1,,,Group winner
A,South Korea,1855.532907266417,3,2,0,1,6,3,3,6,2,,,Runner-up
B,Canada,1880.4625047838033,3,3,0,0,10,1,9,9,1,,,Group winner
B,Switzerland,1932.1670548830148,3,2,0,1,7,5,2,6,2,,,Runner-up
C,Morocco,1964.4603287215464,3,2,1,0,6,2,4,7,1,,,Group winner
C,Brazil,2063.820765802,3,2,0,1,4,3,1,6,2,,,Runner-up
D,Turkey,1917.2906176618335,3,3,0,0,8,2,6,9,1,,,Group winner
D,Paraguay,1880.1743171395597,3,1,1,1,4,3,1,4,2,,,Runner-up
E,Ivory Coast,1795.6278629295728,3,2,1,0,4,2,2,7,1,,,Group winner
E,Ecuador,1987.8637603335392,3,1,2,0,3,2,1,5,2,,,Runner-up
F,Japan,1983.0472259140115,3,2,1,0,6,3,3,7,1,,,Group winner
F,Netherlands,2008.2540640476009,3,1,2,0,5,4,1,5,2,,,Runner-up
G,Belgium,1948.0805850595905,3,2,1,0,5,0,5,7,1,,,Group winner
G,Egypt,1782.9340791553047,3,1,1,1,2,2,0,4,2,,,Runner-up
H,Spain,2166.1349561176435,3,3,0,0,9,2,7,9,1,,,Group winner
H,Cape Verde,1655.2591936728763,3,2,0,1,6,4,2,6,2,,,Runner-up
I,France,2119.621410444659,3,2,1,0,6,4,2,7,1,,,Group winner
I,Norway,1919.3489558353297,3,1,1,1,5,3,2,4,2,,,Runner-up
J,Argentina,2163.1375040168023,3,2,0,1,4,2,2,6,1,,,Group winner
J,Jordan,1752.1367648847156,3,2,0,1,5,4,1,6,2,,,Runner-up
K,Colombia,2039.1444794131871,3,2,1,0,9,3,6,7,1,,,Group winner
K,Uzbekistan,1810.9047537346132,3,1,1,1,5,7,-2,4,2,,,Runner-up
L,Croatia,1982.329371435088,3,2,1,0,5,3,2,7,1,,,Group winner
L,Ghana,1619.540176067505,3,2,0,1,4,2,2,6,2,,,Runner-up
L,England,2030.1121622812193,3,1,1,1,5,4,1,4,3,1.0,True,Best third-place
J,Austria,1892.8889235615277,3,1,1,1,6,6,0,4,3,2.0,True,Best third-place
I,Senegal,1919.7234699821524,3,1,1,1,2,2,0,4,3,3.0,True,Best third-place
D,United States,1804.7372769178137,3,1,1,1,2,3,-1,4,3,4.0,True,Best third-place
G,Iran,1875.9630911324527,3,1,1,1,4,7,-3,4,3,5.0,True,Best third-place
C,Scotland,1781.3696042874012,3,1,0,2,7,7,0,3,3,6.0,True,Best third-place
K,Portugal,2031.0770846299315,3,0,3,0,4,4,0,3,3,7.0,True,Best third-place
E,Germany,1982.3223094955868,3,1,0,2,2,3,-1,3,3,8.0,True,Best third-place
