Team,Pre_Tournament_Elo
Spain,2166.1349561176435
Argentina,2163.1375040168023
France,2119.621410444659
Brazil,2063.820765802
Colombia,2039.1444794131871
Portugal,2031.0770846299315
England,2030.1121622812193
Netherlands,2008.2540640476009
Ecuador,1987.8637603335392
Japan,1983.0472259140115
Croatia,1982.329371435088
Germany,1982.3223094955868
Morocco,1964.4603287215464
Uruguay,1953.9954441189593
Belgium,1948.0805850595905
Switzerland,1932.1670548830148
Senegal,1919.7234699821524
Norway,1919.3489558353297
Turkey,1917.2906176618335
Mexico,1913.878808607462
Austria,1892.8889235615277
Australia,1881.0432604342843
Canada,1880.4625047838033
Paraguay,1880.1743171395597
Iran,1875.9630911324527
Algeria,1868.0758719223568
South Korea,1855.532907266417
Uzbekistan,1810.9047537346132
Panama,1808.7032418019924
United States,1804.7372769178137
Ivory Coast,1795.6278629295728
Sweden,1788.1156602554604
Czech Republic,1787.2740190447907
Egypt,1782.9340791553047
Scotland,1781.3696042874012
Tunisia,1768.0777790103623
Jordan,1752.1367648847156
DR Congo,1737.0870240112556
Iraq,1714.6981083093865
New Zealand,1714.5392684722349
Haiti,1674.4703298533234
Saudi Arabia,1663.5735921007422
Cape Verde,1655.2591936728763
Bosnia and Herzegovina,1642.065523193126
South Africa,1640.5817018583311
Ghana,1619.540176067505
Curaçao,1570.872099206949
Qatar,1544.9896123525398
