Team,Elo,Avg Points,Avg GD,Group 1st %,Group 2nd %,Group 3rd %,Group 4th %,Qualified %,R16 %,QF %,SF %,Final %,Champion %
Argentina,2163.1375040168023,6.658333333333333,2.7116666666666664,0.6683333333333333,0.215,0.09,0.02666666666666667,0.9633333333333334,0.705,0.6,0.45166666666666666,0.31333333333333335,0.215
Spain,2166.1349561176435,7.041666666666667,3.046666666666667,0.6933333333333334,0.23666666666666666,0.06166666666666667,0.008333333333333333,0.9833333333333333,0.7116666666666667,0.5483333333333333,0.445,0.31666666666666665,0.19333333333333333
France,2119.621410444659,6.118333333333333,2.1816666666666666,0.57,0.26166666666666666,0.13833333333333334,0.03,0.9333333333333333,0.74,0.53,0.36333333333333334,0.22833333333333333,0.125
Brazil,2063.820765802,6.036666666666667,2.0316666666666667,0.535,0.2733333333333333,0.145,0.04666666666666667,0.925,0.615,0.40166666666666667,0.23333333333333334,0.13,0.056666666666666664
Colombia,2039.1444794131871,5.533333333333333,1.4333333333333333,0.44166666666666665,0.30666666666666664,0.17166666666666666,0.08,0.87,0.5966666666666667,0.36,0.175,0.09333333333333334,0.04833333333333333
England,2030.1121622812193,5.843333333333334,1.8666666666666667,0.46166666666666667,0.32666666666666666,0.165,0.04666666666666667,0.9216666666666666,0.57,0.345,0.19833333333333333,0.08166666666666667,0.04833333333333333
Portugal,2031.0770846299315,5.483333333333333,1.5583333333333333,0.395,0.35,0.17166666666666666,0.08333333333333333,0.875,0.6,0.33666666666666667,0.18333333333333332,0.08833333333333333,0.043333333333333335
Netherlands,2008.2540640476009,5.558333333333334,1.6216666666666666,0.46,0.31166666666666665,0.17,0.058333333333333334,0.8983333333333333,0.5333333333333333,0.3416666666666667,0.19166666666666668,0.09833333333333333,0.041666666666666664
Croatia,1982.329371435088,5.456666666666667,1.4733333333333334,0.3933333333333333,0.3433333333333333,0.19333333333333333,0.07,0.8716666666666667,0.5183333333333333,0.2833333333333333,0.13166666666666665,0.06166666666666667,0.03666666666666667
Ecuador,1987.8637603335392,5.718333333333334,1.6966666666666668,0.47,0.31333333333333335,0.16166666666666665,0.055,0.9116666666666666,0.5866666666666667,0.3016666666666667,0.18666666666666668,0.09166666666666666,0.03333333333333333
Germany,1982.3223094955868,5.671666666666667,1.6483333333333334,0.395,0.375,0.185,0.045,0.9116666666666666,0.565,0.285,0.15333333333333332,0.055,0.021666666666666667
Morocco,1964.4603287215464,5.318333333333333,1.2466666666666666,0.35333333333333333,0.39166666666666666,0.175,0.08,0.86,0.42,0.23166666666666666,0.11666666666666667,0.051666666666666666,0.021666666666666667
Japan,1983.0472259140115,5.191666666666666,1.0933333333333333,0.365,0.30833333333333335,0.21666666666666667,0.11,0.84,0.4816666666666667,0.2866666666666667,0.11666666666666667,0.04666666666666667,0.018333333333333333
Uruguay,1953.9954441189593,5.111666666666666,1.01,0.25,0.485,0.19833333333333333,0.06666666666666667,0.8616666666666667,0.37,0.195,0.11,0.051666666666666666,0.016666666666666666
Switzerland,1932.1670548830148,6.04,2.1133333333333333,0.5016666666666667,0.3283333333333333,0.13666666666666666,0.03333333333333333,0.9416666666666667,0.585,0.26166666666666666,0.09833333333333333,0.03,0.011666666666666667
Mexico,1913.878808607462,5.476666666666667,1.4666666666666666,0.435,0.3016666666666667,0.18166666666666667,0.08166666666666667,0.8783333333333333,0.515,0.2,0.07833333333333334,0.023333333333333334,0.011666666666666667
Norway,1919.3489558353297,4.14,-0.023333333333333334,0.19,0.3333333333333333,0.2816666666666667,0.195,0.725,0.38,0.18666666666666668,0.07166666666666667,0.028333333333333332,0.01
Belgium,1948.0805850595905,5.416666666666667,1.4616666666666667,0.49166666666666664,0.24,0.175,0.09333333333333334,0.8566666666666667,0.55,0.28,0.10833333333333334,0.035,0.008333333333333333
Canada,1880.4625047838033,5.57,1.5316666666666667,0.38333333333333336,0.39666666666666667,0.16833333333333333,0.051666666666666666,0.9183333333333333,0.485,0.19333333333333333,0.06333333333333334,0.021666666666666667,0.006666666666666667
Austria,1892.8889235615277,3.908333333333333,-0.205,0.16666666666666666,0.3233333333333333,0.2966666666666667,0.21333333333333335,0.6883333333333334,0.235,0.09666666666666666,0.035,0.011666666666666667,0.005
Iran,1875.9630911324527,4.65,0.605,0.27,0.35333333333333333,0.22166666666666668,0.155,0.7883333333333333,0.40166666666666667,0.14333333333333334,0.05,0.016666666666666666,0.005
Turkey,1917.2906176618335,4.65,0.6716666666666666,0.3283333333333333,0.285,0.23333333333333334,0.15333333333333332,0.78,0.44166666666666665,0.18666666666666668,0.058333333333333334,0.023333333333333334,0.005
Senegal,1919.7234699821524,4.1033333333333335,0.043333333333333335,0.20666666666666667,0.2916666666666667,0.32,0.18166666666666667,0.73,0.41333333333333333,0.195,0.07666666666666666,0.025,0.005
Algeria,1868.0758719223568,3.625,-0.48333333333333334,0.125,0.315,0.31833333333333336,0.24166666666666667,0.6566666666666666,0.21833333333333332,0.09666666666666666,0.03333333333333333,0.015,0.0033333333333333335
Australia,1881.0432604342843,4.098333333333334,-0.03333333333333333,0.25666666666666665,0.23833333333333334,0.245,0.26,0.6633333333333333,0.335,0.14666666666666667,0.03833333333333333,0.01,0.0016666666666666668
Panama,1808.7032418019924,3.4566666666666666,-0.6783333333333333,0.11833333333333333,0.245,0.37833333333333335,0.25833333333333336,0.625,0.17833333333333334,0.06333333333333334,0.018333333333333333,0.0016666666666666668,0.0016666666666666668
Scotland,1781.3696042874012,3.025,-1.0866666666666667,0.08166666666666667,0.2,0.38666666666666666,0.33166666666666667,0.5083333333333333,0.14166666666666666,0.05,0.02,0.005,0.0016666666666666668
Paraguay,1880.1743171395597,4.248333333333333,0.24833333333333332,0.2733333333333333,0.2783333333333333,0.23333333333333334,0.215,0.7116666666666667,0.36833333333333335,0.14333333333333334,0.045,0.011666666666666667,0.0016666666666666668
South Korea,1855.532907266417,4.725,0.6566666666666666,0.32,0.295,0.23833333333333334,0.14666666666666667,0.7816666666666666,0.37333333333333335,0.13666666666666666,0.045,0.008333333333333333,0.0016666666666666668
Uzbekistan,1810.9047537346132,3.2066666666666666,-1.0166666666666666,0.11333333333333333,0.21333333333333335,0.35,0.3233333333333333,0.5483333333333333,0.2,0.06,0.013333333333333334,0.0033333333333333335,0.0
New Zealand,1714.5392684722349,2.64,-1.5666666666666667,0.07666666666666666,0.16166666666666665,0.26666666666666666,0.495,0.4,0.115,0.011666666666666667,0.005,0.0016666666666666668,0.0
Curaçao,1570.872099206949,1.5583333333333333,-2.7133333333333334,0.013333333333333334,0.09166666666666666,0.20833333333333334,0.6866666666666666,0.21,0.03166666666666667,0.0033333333333333335,0.0,0.0,0.0
Ghana,1619.540176067505,1.775,-2.6616666666666666,0.02666666666666667,0.085,0.2633333333333333,0.625,0.25,0.03833333333333333,0.0033333333333333335,0.0,0.0,0.0
South Africa,1640.5817018583311,2.4033333333333333,-1.8183333333333334,0.06,0.14833333333333334,0.27166666666666667,0.52,0.38666666666666666,0.07333333333333333,0.01,0.0016666666666666668,0.0,0.0
Bosnia and Herzegovina,1642.065523193126,2.96,-1.32,0.08,0.17333333333333334,0.4,0.3466666666666667,0.4766666666666667,0.10333333333333333,0.023333333333333334,0.0,0.0,0.0
Cape Verde,1655.2591936728763,2.29,-1.9916666666666667,0.025,0.13833333333333334,0.3933333333333333,0.44333333333333336,0.37333333333333335,0.06333333333333334,0.01,0.0,0.0,0.0
Saudi Arabia,1663.5735921007422,2.203333333333333,-2.065,0.03166666666666667,0.14,0.3466666666666667,0.4816666666666667,0.385,0.08333333333333333,0.015,0.0033333333333333335,0.0,0.0
Haiti,1674.4703298533234,2.1466666666666665,-2.191666666666667,0.03,0.135,0.29333333333333333,0.5416666666666666,0.35333333333333333,0.07333333333333333,0.015,0.0,0.0,0.0
DR Congo,1737.0870240112556,2.328333333333333,-1.975,0.05,0.13,0.30666666666666664,0.5133333333333333,0.365,0.085,0.023333333333333334,0.0033333333333333335,0.0,0.0
Iraq,1714.6981083093865,2.06,-2.2016666666666667,0.03333333333333333,0.11333333333333333,0.26,0.5933333333333334,0.29333333333333333,0.07666666666666666,0.02,0.0016666666666666668,0.0,0.0
Jordan,1752.1367648847156,2.328333333333333,-2.0233333333333334,0.04,0.14666666666666667,0.295,0.5183333333333333,0.36,0.10333333333333333,0.03333333333333333,0.006666666666666667,0.0,0.0
Tunisia,1768.0777790103623,2.7583333333333333,-1.4566666666666668,0.06833333333333333,0.19166666666666668,0.31333333333333335,0.4266666666666667,0.45666666666666667,0.12666666666666668,0.023333333333333334,0.0,0.0,0.0
Egypt,1782.9340791553047,3.7133333333333334,-0.5,0.16166666666666665,0.245,0.33666666666666667,0.25666666666666665,0.6516666666666666,0.255,0.06833333333333333,0.013333333333333334,0.005,0.0
Czech Republic,1787.2740190447907,3.875,-0.305,0.185,0.255,0.30833333333333335,0.25166666666666665,0.635,0.255,0.06833333333333333,0.016666666666666666,0.006666666666666667,0.0
Sweden,1788.1156602554604,2.945,-1.2583333333333333,0.10666666666666667,0.18833333333333332,0.3,0.405,0.5033333333333333,0.16166666666666665,0.04833333333333333,0.008333333333333333,0.0016666666666666668,0.0
Ivory Coast,1795.6278629295728,3.575,-0.6316666666666667,0.12166666666666667,0.22,0.445,0.21333333333333335,0.6383333333333333,0.245,0.06333333333333334,0.013333333333333334,0.0033333333333333335,0.0
United States,1804.7372769178137,3.2816666666666667,-0.8866666666666667,0.14166666666666666,0.19833333333333333,0.28833333333333333,0.37166666666666665,0.54,0.22666666666666666,0.07,0.016666666666666666,0.0033333333333333335,0.0
Qatar,1544.9896123525398,2.0033333333333334,-2.325,0.035,0.10166666666666667,0.295,0.5683333333333334,0.29333333333333333,0.04833333333333333,0.0033333333333333335,0.0,0.0,0.0
